;column  1;column  2;column  3;column  4
row  1;0.75000000;0.29619813;-0.29619813;-0.75000000
row  2;0.29619813;0.11697778;-0.11697778;-0.29619813
row  3;-0.29619813;-0.11697778;0.11697778;0.29619813
row  4;-0.75000000;-0.29619813;0.29619813;0.75000000
